{
    "accuracy": 0.8385865958858659,
    "f1_score": 0.6541059367223605,
    "roc_auc": 0.8969482056917601
}